AlbumId,AlbumName,ReleaseDate,ArtistId,Genre
1,Powerslave,9/3/1984 0:00,3,1
2,Powerage,5/5/1978 0:00,1,1
3,Crimes of Passion,8/5/1980 0:00,5,1
4,Bitches Brew,3/3/1970 0:00,4,3
5,Kind of Blue,8/1/1959 0:00,4,3
6,Couldn't Stand the Weather,5/5/1984 0:00,6,4
7,Somewhere in Time,9/2/1986 0:00,3,1
8,Piece of Mind,5/6/1983 0:00,3,1
9,Killers,2/2/1981 0:00,3,1
10,No Prayer for the Dying,10/1/1990 0:00,3,1
11,Texas Flood,6/12/1983 0:00,6,4
12,Snoopified,9/2/2005 0:00,9,5
13,Tha Doggfather,11/12/1996 0:00,9,5
